framework,mean_ms,std_ms,min_ms,max_ms,p95_ms,p99_ms,fps
PyTorch,9.888444729999435,1.5217294613062722,6.457490000002508,13.295631000005415,12.230380549986819,13.161190979975004,101.12813767024586
ONNXRuntime,6.404484519999585,1.2815763463297878,4.64171699999838,10.099477000011348,9.38772024999679,9.918042670000206,156.14059131179926

GPU memory used,1250 MiB
