framework,mean_ms,std_ms,min_ms,max_ms,p95_ms,p99_ms,fps
PyTorch,7.590423440851737,0.7759934421062036,5.637963011395186,9.373296983540058,8.513374350150116,8.626555849332366,131.74495570536814
ONNXRuntime,5.530365310260095,0.4325047893082147,4.223024006932974,7.821417995728552,6.1097347337636165,6.730478583776863,180.8198814904272

GPU memory used,1360 MiB
